--
-- PostgreSQL database dump
--

-- Dumped from database version 11.14 (Raspbian 11.14-0+deb10u1)
-- Dumped by pg_dump version 11.14 (Raspbian 11.14-0+deb10u1)

SET statement_timeout = 0;
SET lock_timeout = 0;
SET idle_in_transaction_session_timeout = 0;
SET client_encoding = 'UTF8';
SET standard_conforming_strings = on;
SELECT pg_catalog.set_config('search_path', '', false);
SET check_function_bodies = false;
SET xmloption = content;
SET client_min_messages = warning;
SET row_security = off;

SET default_tablespace = '';

SET default_with_oids = false;

--
-- Name: measurements; Type: TABLE; Schema: public; Owner: tempviewuser
--

CREATE TABLE public.measurements (
    id integer NOT NULL,
    value numeric NOT NULL,
    "timestamp" integer NOT NULL,
    sensor_id integer NOT NULL
);


ALTER TABLE public.measurements OWNER TO tempviewuser;

--
-- Name: measurements_id_seq; Type: SEQUENCE; Schema: public; Owner: tempviewuser
--

CREATE SEQUENCE public.measurements_id_seq
    AS integer
    START WITH 1
    INCREMENT BY 1
    NO MINVALUE
    NO MAXVALUE
    CACHE 1;


ALTER TABLE public.measurements_id_seq OWNER TO tempviewuser;

--
-- Name: measurements_id_seq; Type: SEQUENCE OWNED BY; Schema: public; Owner: tempviewuser
--

ALTER SEQUENCE public.measurements_id_seq OWNED BY public.measurements.id;


--
-- Name: migrations; Type: TABLE; Schema: public; Owner: tempviewuser
--

CREATE TABLE public.migrations (
    name character varying(255) NOT NULL
);


ALTER TABLE public.migrations OWNER TO tempviewuser;

--
-- Name: sensors; Type: TABLE; Schema: public; Owner: tempviewuser
--

CREATE TABLE public.sensors (
    id integer NOT NULL,
    sensor_name text,
    sensor_fullname text NOT NULL,
    sensor_unit text NOT NULL
);


ALTER TABLE public.sensors OWNER TO tempviewuser;

--
-- Name: sensors_id_seq; Type: SEQUENCE; Schema: public; Owner: tempviewuser
--

CREATE SEQUENCE public.sensors_id_seq
    AS integer
    START WITH 1
    INCREMENT BY 1
    NO MINVALUE
    NO MAXVALUE
    CACHE 1;


ALTER TABLE public.sensors_id_seq OWNER TO tempviewuser;

--
-- Name: sensors_id_seq; Type: SEQUENCE OWNED BY; Schema: public; Owner: tempviewuser
--

ALTER SEQUENCE public.sensors_id_seq OWNED BY public.sensors.id;


--
-- Name: users; Type: TABLE; Schema: public; Owner: tempviewuser
--

CREATE TABLE public.users (
    id integer NOT NULL,
    username character varying(255) NOT NULL,
    password_hash character varying(255) NOT NULL,
    admin boolean
);


ALTER TABLE public.users OWNER TO tempviewuser;

--
-- Name: users_id_seq; Type: SEQUENCE; Schema: public; Owner: tempviewuser
--

CREATE SEQUENCE public.users_id_seq
    AS integer
    START WITH 1
    INCREMENT BY 1
    NO MINVALUE
    NO MAXVALUE
    CACHE 1;


ALTER TABLE public.users_id_seq OWNER TO tempviewuser;

--
-- Name: users_id_seq; Type: SEQUENCE OWNED BY; Schema: public; Owner: tempviewuser
--

ALTER SEQUENCE public.users_id_seq OWNED BY public.users.id;


--
-- Name: measurements id; Type: DEFAULT; Schema: public; Owner: tempviewuser
--

ALTER TABLE ONLY public.measurements ALTER COLUMN id SET DEFAULT nextval('public.measurements_id_seq'::regclass);


--
-- Name: sensors id; Type: DEFAULT; Schema: public; Owner: tempviewuser
--

ALTER TABLE ONLY public.sensors ALTER COLUMN id SET DEFAULT nextval('public.sensors_id_seq'::regclass);


--
-- Name: users id; Type: DEFAULT; Schema: public; Owner: tempviewuser
--

ALTER TABLE ONLY public.users ALTER COLUMN id SET DEFAULT nextval('public.users_id_seq'::regclass);


--
-- Data for Name: measurements; Type: TABLE DATA; Schema: public; Owner: tempviewuser
--

COPY public.measurements (id, value, "timestamp", sensor_id) FROM stdin;
1	10	1651040777	1
2	10	1651041272	1
3	10	1651041278	1
4	10	1651045008	1
5	11	1651045034	1
6	12	1651045045	1
7	13	1651045224	1
8	3.7	1651057982	2
9	3.8	1651059182	2
10	7.7	1651059448	1
11	4.2	1651059782	2
12	4.3	1651060382	2
13	7.8	1651060646	1
14	7.7	1651061844	1
15	4.2	1651062181	2
16	4.1	1651062781	2
17	7.7	1651063042	1
18	4.1	1651063381	2
19	7.7	1651064241	1
20	4.1	1651064581	2
21	4.2	1651065181	2
22	7.7	1651065438	1
23	4.1	1651065782	2
24	4	1651066382	2
25	7.7	1651066636	1
26	4.1	1651066982	2
27	4.2	1651067582	2
28	7.7	1651067834	1
29	4.4	1651068182	2
30	4.3	1651068782	2
31	7.7	1651069032	1
32	4.3	1651069382	2
33	4.3	1651069982	2
34	7.7	1651070230	1
35	4.3	1651070582	2
36	4.2	1651071182	2
37	7.7	1651071428	1
38	4.2	1651071782	2
39	4.4	1651072382	2
40	7.7	1651072626	1
41	4.4	1651072982	2
42	4.2	1651073582	2
43	7.7	1651073824	1
44	4.2	1651074182	2
45	4.1	1651074782	2
46	7.7	1651075022	1
47	4.1	1651075382	2
48	4	1651075982	2
49	7.6	1651076220	1
50	3.8	1651076583	2
51	3.6	1651077183	2
52	7.6	1651077418	1
53	3.5	1651077783	2
54	3.4	1651078383	2
55	7.6	1651078616	1
56	3.3	1651078983	2
57	3.2	1651079583	2
58	7.6	1651079814	1
59	3.1	1651080184	2
60	3	1651080784	2
61	7.6	1651081012	1
62	2.9	1651081384	2
63	2.7	1651081984	2
64	7.6	1651082210	1
65	2.6	1651082584	2
66	2.4	1651083184	2
67	7.5	1651083408	1
68	2.2	1651083785	2
69	2	1651084385	2
70	7.5	1651084606	1
71	1.9	1651084985	2
72	1.7	1651085585	2
73	7.5	1651085804	1
74	1.5	1651086185	2
75	1.2	1651086786	2
76	7.5	1651087002	1
77	0.9	1651087386	2
78	0.6	1651087986	2
79	7.3	1651088200	1
80	0.5	1651088586	2
81	0.4	1651089186	2
82	7.3	1651089398	1
83	0.1	1651089787	2
84	0	1651090387	2
85	7.3	1651090596	1
86	0	1651090987	2
87	-0.2	1651091587	2
88	7.2	1651091794	1
89	-0.3	1651092187	2
90	-0.4	1651092787	2
91	7.2	1651092992	1
92	-0.5	1651093387	2
93	-0.6	1651093987	2
94	7.2	1651094190	1
95	-0.7	1651094587	2
96	-0.8	1651095187	2
97	7.2	1651095387	1
98	-0.9	1651095787	2
99	-1	1651096387	2
100	7.1	1651096585	1
101	-1.1	1651096987	2
102	-1.2	1651097587	2
103	7.1	1651097784	1
104	-1.2	1651098186	2
105	-1.3	1651098787	2
106	7.1	1651098981	1
107	-1.5	1651099387	2
108	-1.5	1651099987	2
109	7	1651100179	1
110	-1.7	1651100587	2
111	-1.7	1651101187	2
112	7	1651101377	1
113	-1.7	1651101787	2
114	-1.8	1651102387	2
115	6.8	1651102575	1
116	-1.9	1651102987	2
117	-2	1651103587	2
118	6.8	1651103773	1
119	-2	1651104187	2
120	-2.1	1651104787	2
121	6.8	1651104971	1
122	-2.1	1651105388	2
123	-2.2	1651105988	2
124	6.7	1651106169	1
125	-2.3	1651106587	2
126	-2.3	1651107188	2
127	6.7	1651107367	1
128	-2.3	1651107788	2
129	-2.4	1651108388	2
130	6.6	1651108565	1
131	-2.4	1651108988	2
132	-2.5	1651109588	2
133	6.6	1651109763	1
134	-2.6	1651110188	2
135	-2.6	1651110788	2
136	6.6	1651110961	1
137	-2.7	1651111389	2
138	-2.7	1651111989	2
139	6.5	1651112159	1
140	-2.9	1651112589	2
141	-2.9	1651113190	2
142	6.5	1651113357	1
143	-3	1651113789	2
144	-3.1	1651114389	2
145	6.3	1651114555	1
146	-3.2	1651114989	2
147	-3.3	1651115590	2
148	6.3	1651115753	1
149	-3.3	1651116190	2
150	-3.3	1651116790	2
151	6.3	1651116951	1
152	-3.3	1651117389	2
153	-3.2	1651117989	2
154	6.2	1651118149	1
155	-3.2	1651118589	2
156	-3	1651119188	2
157	6.2	1651119347	1
158	-2.9	1651119788	2
159	-2.8	1651120387	2
160	6.1	1651120545	1
161	-2.6	1651120987	2
162	-2.5	1651121587	2
163	6.1	1651121743	1
164	-2.3	1651122187	2
165	-2.1	1651122787	2
166	6.1	1651122941	1
167	-1.9	1651123386	2
168	-1.6	1651123986	2
169	6.1	1651124139	1
170	-1.3	1651124586	2
171	-1	1651125185	2
172	6.1	1651125337	1
173	-0.7	1651125785	2
174	-0.6	1651126385	2
175	6	1651126535	1
176	-0.3	1651126985	2
177	-0.1	1651127585	2
178	6	1651127733	1
179	0	1651128185	2
180	0.3	1651128784	2
181	6.1	1651128930	1
182	6.7	1651129379	4
183	0.6	1651129384	2
184	3.2	1651129502	5
185	6.7	1651129679	4
186	3.2	1651129803	5
188	6.7	1651129979	4
189	0.8	1651129983	2
190	3.2	1651130103	5
191	6.1	1651130128	1
192	6.1	1651130201	6
193	6.7	1651130279	4
194	3.3	1651130403	5
195	6.7	1651130580	4
196	1.1	1651130583	2
197	3.4	1651130704	5
199	6.7	1651130880	4
200	3.4	1651131003	5
201	6.7	1651131180	4
202	1.4	1651131183	2
203	3.4	1651131302	5
204	6.2	1651131326	1
205	6.7	1651131480	4
206	3.4	1651131603	5
208	6.6	1651131780	4
209	1.7	1651131783	2
210	3.4	1651131903	5
211	6.6	1651132080	4
212	3.4	1651132203	5
213	6.6	1651132380	4
214	2.1	1651132382	2
215	3.4	1651132503	5
216	6.2	1651132524	1
217	6.1	1651132608	6
219	6.6	1651132680	4
220	3.4	1651132802	5
221	6.6	1651132980	4
222	2.3	1651132982	2
223	3.4	1651133103	5
224	6.6	1651133280	4
225	3.5	1651133402	5
227	6.6	1651133580	4
228	2.8	1651133582	2
229	3.6	1651133703	5
230	6.2	1651133722	1
231	6.7	1651133880	4
232	3.6	1651134004	5
233	6.7	1651134180	4
234	3.1	1651134181	2
235	3.6	1651134303	5
237	6.7	1651134480	4
238	3.7	1651134602	5
239	6.8	1651134780	4
240	3.6	1651134780	2
241	3.8	1651134903	5
242	6.3	1651134920	1
243	6.1	1651135016	6
244	6.8	1651135080	4
245	3.8	1651135203	5
247	6.8	1651135380	4
248	3.7	1651135380	2
249	3.8	1651135502	5
250	6.9	1651135680	4
251	3.9	1651135803	5
252	6.9	1651135979	4
253	3.9	1651135980	2
254	3.9	1651136103	5
255	6.3	1651136118	1
257	6.9	1651136280	4
258	4	1651136403	5
259	6.9	1651136579	4
260	4.1	1651136580	2
261	4.1	1651136703	5
262	7	1651136880	4
263	4.1	1651137002	5
265	4.4	1651137179	2
266	7	1651137180	4
267	4.1	1651137303	5
268	6.5	1651137316	1
269	6.1	1651137423	6
270	7	1651137479	4
271	4.1	1651137603	5
272	7	1651137779	4
273	4.5	1651137780	2
274	4.2	1651137903	5
276	7	1651138079	4
277	4.2	1651138203	5
278	4.6	1651138379	2
279	7	1651138379	4
280	4.2	1651138503	5
281	6.5	1651138514	1
282	7	1651138679	4
283	4.2	1651138803	5
285	4.4	1651138979	2
286	7	1651138980	4
287	4.2	1651139102	5
288	7	1651139280	4
289	4.2	1651139403	5
290	4.2	1651139579	2
291	7	1651139579	4
292	4.2	1651139703	5
293	6.5	1651139712	1
294	6.1	1651139831	6
296	7	1651139880	4
297	4.2	1651140003	5
298	4.2	1651140179	2
299	7	1651140180	4
300	4.2	1651140303	5
301	6.9	1651140480	4
302	4.2	1651140603	5
304	4.2	1651140779	2
305	6.9	1651140779	4
306	4.3	1651140902	5
307	6.5	1651140910	1
308	6.9	1651141079	4
309	4.2	1651141202	5
310	4.1	1651141379	2
311	6.9	1651141380	4
312	4.3	1651141502	5
314	6.9	1651141680	4
315	4.3	1651141803	5
316	4.2	1651141979	2
317	6.9	1651141980	4
318	4.4	1651142104	5
319	6.5	1651142108	1
320	6	1651142239	6
321	6.9	1651142280	4
322	4.4	1651142402	5
324	4.3	1651142579	2
325	6.9	1651142580	4
326	4.4	1651142702	5
327	6.9	1651142880	4
328	4.4	1651143003	5
329	4.2	1651143179	2
330	6.9	1651143180	4
331	4.4	1651143303	5
332	6.5	1651143306	1
334	6.9	1651143480	4
335	4.4	1651143603	5
336	4.2	1651143779	2
337	6.9	1651143780	4
338	4.5	1651143903	5
339	6.9	1651144080	4
340	4.4	1651144204	5
342	4.2	1651144379	2
343	7	1651144380	4
344	4.5	1651144504	5
345	6.5	1651144504	1
346	6.1	1651144646	6
347	7	1651144680	4
348	4.4	1651144804	5
349	4.1	1651144980	2
350	6.9	1651144980	4
351	4.4	1651145103	5
353	7	1651145280	4
354	4.4	1651145407	5
355	3.8	1651145580	2
356	6.9	1651145580	4
357	6.5	1651145702	1
358	4.3	1651145703	5
359	7	1651145880	4
360	4.2	1651146003	5
362	7	1651146180	4
363	3.7	1651146180	2
364	4.2	1651146303	5
365	7	1651146480	4
366	4.2	1651146602	5
367	7	1651146780	4
368	3.5	1651146781	2
369	6.3	1651146900	1
370	4.2	1651146903	5
371	6	1651147053	6
373	7	1651147080	4
374	4.2	1651147203	5
375	7	1651147380	4
376	3.3	1651147381	2
377	4.2	1651147503	5
378	7	1651147680	4
379	4.2	1651147803	5
380	7	1651147980	4
382	3.3	1651147981	2
383	6.3	1651148098	1
384	4.1	1651148102	5
385	7	1651148280	4
386	4.2	1651148402	5
387	7	1651148580	4
388	3.1	1651148581	2
389	4.2	1651148702	5
390	7	1651148880	4
392	4.1	1651149003	5
393	7	1651149180	4
394	3	1651149181	2
395	6.3	1651149296	1
396	4.1	1651149303	5
397	6	1651149462	6
398	7	1651149481	4
399	4.1	1651149603	5
400	7	1651149780	4
401	2.9	1651149781	2
403	4.1	1651149902	5
404	7	1651150081	4
405	4.2	1651150202	5
406	7	1651150381	4
407	3	1651150382	2
408	6.3	1651150494	1
409	4.2	1651150503	5
410	7	1651150681	4
412	4.2	1651150802	5
413	7	1651150981	4
414	3	1651150981	2
415	4.2	1651151104	5
416	7	1651151281	4
417	4.2	1651151403	5
418	7.1	1651151581	4
419	3.1	1651151582	2
421	6.3	1651151692	1
422	4.3	1651151702	5
423	6	1651151870	6
424	7.1	1651151881	4
425	4.2	1651152002	5
426	7.1	1651152181	4
427	3.1	1651152181	2
428	4.3	1651152302	5
429	7.1	1651152481	4
431	4.3	1651152603	5
432	7.1	1651152781	4
433	3.1	1651152782	2
434	6.3	1651152890	1
435	4.3	1651152908	5
436	7.1	1651153081	4
437	4.4	1651153203	5
438	7.1	1651153381	4
439	3.1	1651153382	2
441	4.4	1651153502	5
442	7.1	1651153681	4
443	4.4	1651153803	5
444	7.1	1651153981	4
445	3.1	1651153981	2
446	6.3	1651154088	1
447	4.3	1651154105	5
448	6	1651154277	6
449	7.1	1651154281	4
451	4.4	1651154403	5
452	7.1	1651154581	4
453	3.1	1651154581	2
454	4.4	1651154703	5
455	7.1	1651154881	4
456	4.4	1651155003	5
457	7.1	1651155181	4
458	3.1	1651155181	2
460	6.3	1651155286	1
461	4.4	1651155305	5
462	7.1	1651155481	4
463	4.4	1651155603	5
464	7.1	1651155781	4
465	3	1651155781	2
466	4.4	1651155903	5
467	7.1	1651156081	4
469	4.4	1651156202	5
470	7.1	1651156381	4
471	3	1651156382	2
472	6.3	1651156484	1
473	4.4	1651156503	5
474	7.1	1651156681	4
475	6	1651156686	6
476	4.4	1651156803	5
477	7.1	1651156981	4
478	3	1651156982	2
480	4.5	1651157102	5
481	7.1	1651157281	4
482	4.5	1651157402	5
483	7.1	1651157581	4
484	3.1	1651157581	2
485	6.3	1651157682	1
486	4.5	1651157709	5
487	7.1	1651157881	4
489	4.6	1651158003	5
490	7.1	1651158181	4
491	3.2	1651158181	2
492	4.5	1651158303	5
493	7.1	1651158481	4
494	4.6	1651158603	5
495	7.1	1651158781	4
496	3.4	1651158781	2
497	22.7	1651158804	7
498	6.3	1651158880	1
499	4.7	1651158903	5
500	7.1	1651159081	4
501	6	1651159093	6
502	4.6	1651159203	5
\.


--
-- Data for Name: migrations; Type: TABLE DATA; Schema: public; Owner: tempviewuser
--

COPY public.migrations (name) FROM stdin;
20220426_01_initial.js
20220426_02_add_few_sensors.js
20220427_03_users.js
20220528_04_rest_temp_sensors.js
\.


--
-- Data for Name: sensors; Type: TABLE DATA; Schema: public; Owner: tempviewuser
--

COPY public.sensors (id, sensor_name, sensor_fullname, sensor_unit) FROM stdin;
1	CINS	Mökin sisälämpötila	c
2	COUT	Mökin ulkolämpötila	c
3	CLAK	Mökin järven lämpötila	c
4	CSAU	Mökin saunan lämpötila	c
5	CRAU	Mökin aitan lämpötila	c
6	CKEL	Mökin kellarin lämpötila	c
7	HUPS	Kodin yläkerta	c
8	HDOW	Kodin alakerta	c
\.


--
-- Data for Name: users; Type: TABLE DATA; Schema: public; Owner: tempviewuser
--

COPY public.users (id, username, password_hash, admin) FROM stdin;
\.


--
-- Name: measurements_id_seq; Type: SEQUENCE SET; Schema: public; Owner: tempviewuser
--

SELECT pg_catalog.setval('public.measurements_id_seq', 502, true);


--
-- Name: sensors_id_seq; Type: SEQUENCE SET; Schema: public; Owner: tempviewuser
--

SELECT pg_catalog.setval('public.sensors_id_seq', 8, true);


--
-- Name: users_id_seq; Type: SEQUENCE SET; Schema: public; Owner: tempviewuser
--

SELECT pg_catalog.setval('public.users_id_seq', 1, false);


--
-- Name: measurements measurements_pkey; Type: CONSTRAINT; Schema: public; Owner: tempviewuser
--

ALTER TABLE ONLY public.measurements
    ADD CONSTRAINT measurements_pkey PRIMARY KEY (id);


--
-- Name: migrations migrations_pkey; Type: CONSTRAINT; Schema: public; Owner: tempviewuser
--

ALTER TABLE ONLY public.migrations
    ADD CONSTRAINT migrations_pkey PRIMARY KEY (name);


--
-- Name: sensors sensors_pkey; Type: CONSTRAINT; Schema: public; Owner: tempviewuser
--

ALTER TABLE ONLY public.sensors
    ADD CONSTRAINT sensors_pkey PRIMARY KEY (id);


--
-- Name: users users_pkey; Type: CONSTRAINT; Schema: public; Owner: tempviewuser
--

ALTER TABLE ONLY public.users
    ADD CONSTRAINT users_pkey PRIMARY KEY (id);


--
-- Name: users users_username_key; Type: CONSTRAINT; Schema: public; Owner: tempviewuser
--

ALTER TABLE ONLY public.users
    ADD CONSTRAINT users_username_key UNIQUE (username);


--
-- Name: measurements measurements_sensor_id_fkey; Type: FK CONSTRAINT; Schema: public; Owner: tempviewuser
--

ALTER TABLE ONLY public.measurements
    ADD CONSTRAINT measurements_sensor_id_fkey FOREIGN KEY (sensor_id) REFERENCES public.sensors(id);


--
-- PostgreSQL database dump complete
--

